{
  "metadata": {
    "stage": 0,
    "label": "Stage 0 \u2014 CPU Quick",
    "basis": "sto-3g",
    "norb": 4,
    "nelec": 4,
    "n_qubits": 8,
    "ansatz": "uccsd",
    "optimizer": "COBYLA",
    "maxiter": 400
  },
  "cn_distances": [
    1.157,
    1.356,
    1.555,
    1.754,
    1.953,
    2.152,
    2.351,
    2.55,
    2.749
  ],
  "hf_energies": [
    -207.43075165570428,
    -207.34593377752856,
    -207.19334501727462,
    -207.0495271525888,
    -206.949110711034,
    -206.8878069098571,
    -206.84856212557185,
    -206.82163567541457,
    -206.80232600231585
  ],
  "fci_energies": [
    -207.4945276927152,
    -207.46508302168374,
    -207.36260552814943,
    -207.24122314095422,
    -207.14794042061914,
    -207.10933911448183,
    -207.0920594095467,
    -207.08367427920354,
    -207.07926545675392
  ],
  "mp2_energies": [
    -207.73740643149887,
    -207.72530665281784,
    -207.65928093821995,
    -207.561729350993,
    -207.41617855941422,
    -207.31955806241075,
    -207.27462925446653,
    -207.25847437061455,
    -207.25831548610026
  ],
  "vqe_cpu_energies": [
    -207.49417813480522,
    -207.46305496877736,
    -207.35607690324497,
    -207.22402509626733,
    -207.08915847561178,
    -207.00413442186314,
    -206.95377811699882,
    -206.92158369143252,
    -206.89974838940054
  ],
  "vqe_cpu_times": [
    0.6557883340283297,
    0.6327233749907464,
    0.621000416984316,
    0.6285950829624198,
    0.6360707909916528,
    0.6117032089969143,
    0.6128931250423193,
    0.6784132089815103,
    0.7221648750128224
  ]
}